Ticker,Date,Time,Title,Sentiment,Sentiment_Label
AAPL,,04:35AM,How Warren Buffett's Portfolio Has Changed Drastically in Just 12 Months,0.0,neutral
AAPL,2025-04-24,01:52AM,Stock Rally Loses Steam After Mixed Tariff News: Markets Wrap,-0.3182,negative
AAPL,2025-04-23,10:06PM,"Apple, Meta hit by US$798 million in EU tech fines after Trump threats",-0.4215,negative
AAPL,2025-04-24,09:40PM,TSMCs Cutting-Edge A14 Chip Tech to Start Production in 2028,0.0,neutral
AAPL,2025-04-24,06:07PM,Is Apple Inc. (AAPL) the Best Stock to Buy and Hold for 20 Years?,0.6369,positive
AAPL,2025-04-24,05:55PM,One Tech Tip: Thinking of buying a secondhand phone? Some tips on what to look for,0.0,neutral
AAPL,2025-04-24,05:25PM,Apple price target lowered to $256 from $259 at Goldman Sachs,-0.128,negative
AAPL,2025-04-24,04:10PM,Traders Fixated on What Companies Spend More Than Earn,0.0,neutral
AAPL,2025-04-24,03:52PM,Wall Street Bets on Big Tech Buybacks as Free Cash Flow Keeps Flowing,0.5106,positive
AAPL,2025-04-24,03:48PM,"Mag 7 rallies, Vertiv surges, solar downgraded: Trending Tickers",0.0,neutral
AAPL,2025-04-24,02:37PM,Ultimate Insider Marjorie Taylor Greene's Top Stock Picks: Apple Inc. (AAPL),0.2023,positive
AAPL,2025-04-24,02:30PM,Wall Street Lunch: Bessent Comments On China Tariffs,0.0,neutral
AAPL,2025-04-24,02:22PM,"Magnificent Seven Stocks: Amazon, Apple, Meta, Nvidia Rally; Tesla Surges On Earnings",0.6808,positive
AAPL,2025-04-24,02:21PM,Hedge Funds Hate Apple Stock. Why They Could Be Wrong.,-0.7783,negative
AAPL,2025-04-24,01:37PM,PayPal is Trading Dirty Cheap at 11.86X P/E: Buy or Hold the Stock?,-0.4404,negative
AAPL,2025-04-24,01:00PM,Are Apple ETFs Ripe for a Rebound?,0.0,neutral
AAPL,2025-04-24,12:41PM,Apple Shares Climb Amid Hopes of U.S.-China Trade Breakthrough,0.6124,positive
AAPL,2025-04-24,12:15PM,SOUN vs. BBAI: Which AI Stock Has Bigger Potential in 2025?,0.0,neutral
AAPL,2025-04-24,12:00PM,Big Tech earnings kick off as tariff uncertainty continues to roil markets,-0.34,negative
AAPL,2025-04-24,11:41AM,Explainer-What happens to Apple and Meta after the EU fine?,0.2023,positive
AAPL,2025-04-24,10:34AM,Magnificent Seven tech stocks surge as Trump hints at China tariff reprieve,0.5994,positive
AAPL,2025-04-24,10:34AM,'Magnificent 7' tech stocks surge as Trump hints at China tariff reprieve,0.5994,positive
AAPL,2025-04-24,10:16AM,Apple and Meta just got fined a whopping $800 million as Europe comes after Big Tech,0.0,neutral
AAPL,2025-04-24,09:54AM,"Apple & Meta fined, Intel layoff reports, SAP: Trending Tickers",0.0,neutral
AAPL,2025-04-24,09:43AM,Has the stock market fully priced in a recession?,-0.4703,negative
AAPL,2025-04-24,09:17AM,"Apple, Meta Fined by EU, Ordered to Comply With Tech Competition Rules",0.0,neutral
AAPL,2025-04-24,09:10AM,Meta: EU is trying to 'handicap successful American businesses' with new fines,0.5859,positive
AAPL,2025-04-24,09:10AM,Polen Focus Growth Portfolio Q1 2025 Commentary,0.3818,positive
AAPL,2025-04-24,09:07AM,"Futures rise, Tesla earnings, Apple & Meta fines: 3 Things",0.0,neutral
AAPL,2025-04-24,08:53AM,"EU fines Apple, Meta $800M Combined for Violating Digital Markets Act",-0.5423,negative
AAPL,2025-04-24,08:32AM,Brussels risks Trumps wrath as it fines Apple and Meta 700m,-0.2732,negative
AAPL,2025-04-24,08:05AM,5 Things to Know Before the Stock Market Opens,0.0,neutral
AAPL,2025-04-24,08:00AM,Apple Stock Is Down 23% From Its All-Time High. Here's Why I'm Still Not Buying Shares.,-0.2235,negative
AAPL,2025-04-24,08:00AM,10-Year Anniversary Letter: The Rowan Street Story,0.0,neutral
AAPL,2025-04-24,07:38AM,BUZZ Investing: Tariff Chaos Shakes U.S. Equities,-0.5719,negative
AAPL,2025-04-24,07:04AM,Tech giants to plow $500 billion cash hoard into more buybacks,0.0,neutral
AAPL,2025-04-24,06:55AM,Donville Kent Asset Management April 2025 Commentary,0.3612,positive
AAPL,2025-04-24,06:20AM,Is Xtrackers Net Zero Pathway Paris Aligned US Equity ETF (USNZ) a Strong ETF Right Now?,0.5106,positive
AAPL,2025-04-24,05:50AM,The European Union fines Apple 500 million euros and Meta 200 million in separate digital cases,0.0,neutral
AAPL,2025-04-24,05:31AM,"Qualcomm: Undervalued Leader in AI, IoT, and Automotive",0.0,neutral
AAPL,2025-04-24,04:35AM,2 No-Brainer Warren Buffett Stocks to Buy Right Now,0.0,neutral
AAPL,2025-04-24,04:08AM,Broadcom: Premium Priced With Non-AI Headwinds,0.0,neutral
AAPL,2025-04-24,03:00AM,Tech Earnings Arrive With Lots of Uncertainty. Here Are the 3 Most Important Things to Watch.,-0.079,negative
AAPL,2025-04-22,09:10PM,34.4% of Warren Buffett's $265 Billion Portfolio Is Invested in 4 Artificial Intelligence (AI) Stocks,0.4767,positive
AAPL,2025-04-24,05:00PM,"Apple fans spent $1,199 on an iPhone  Bitcoin buyers turned it into a MacBook",0.0,neutral
AAPL,2025-04-24,04:27PM,Survey Shows Pent-Up Demand For New Apple iPhones,-0.128,negative
AAPL,2025-04-24,03:36PM,Apple Rebuilds Siri Team With Vision Pro Veterans After Project Setbacks,0.25,positive
AAPL,2025-04-24,01:50PM,Bessent Calls U.S.-China Trade War Unsustainable; S&P 500 Bounces,-0.5994,negative
AAPL,2025-04-24,01:09PM,"Trade deals are key to halting US tech decline, Wedbushs Ives says",0.0,neutral
AAPL,2025-04-24,11:20AM,Patient Capital Management Q1 2025 Commentary,0.0,neutral
AAPL,2025-04-24,10:42AM,Apple Intelligence Gains Momentum as Users Show Willingness to Pay,0.7351,positive
AAPL,2025-04-24,10:40AM,"Walmart, Target Executives Meet Trump As Tariff Fears Spread",-0.4215,negative
AAPL,2025-04-24,10:02AM,"Sell Apple stock before it sinks another 30%, analyst says",0.0,neutral
AAPL,2025-04-24,09:49AM,Alibaba: The Tariff War Can Deliver Surprising Benefits,-0.0516,negative
AAPL,2025-04-24,09:44AM,Apple (AAPL) Target Slashed to $141: 'No Easy Answers' as Trade Tensions and AI Lag Take Toll,-0.6486,negative
AAPL,2025-04-24,08:35AM,Swiss Pharma Giant Roche To Invest $50B in US Amid Tariff Threat,-0.5267,negative
AAPL,2025-04-24,08:00AM,How to trade the Magnificent 7 amid the market sell-off,0.5994,positive
AAPL,2025-04-24,08:00AM,22% of Warren Buffett-Led Berkshire Hathaway's $265 Billion Portfolio Is Invested in Only 1 Stock,0.0,neutral
AAPL,2025-04-24,07:30AM,Breaking Down Taiwan Semiconductor's Earnings and Future Upside,0.0,neutral
AAPL,2025-04-24,07:00AM,Warren Buffett Timed His Apple Stock Sale to Perfection. Whats Next?,0.5719,positive
AAPL,2025-04-24,06:30AM,The iPhones biggest rival may have one advantage in Trumps tariff war,-0.4404,negative
AAPL,2025-04-24,06:20AM,Is Invesco FTSE RAFI US 1000 ETF (PRF) a Strong ETF Right Now?,0.5106,positive
AAPL,2025-04-24,06:20AM,Is iShares MSCI USA Quality GARP ETF (GARP) a Strong ETF Right Now?,0.5106,positive
AAPL,2025-04-24,05:30AM,Should You Buy Apple Stock Before May 1?,0.0,neutral
AAPL,2025-04-24,05:29AM,"Despite Cutting Apple's Price Target, Wedbush's Dan Ives Remains Bullish on the Stock for the Long Term. Should You?",0.0951,positive
AAPL,2025-04-24,04:54AM,Trump's Tariffs Continue to Affect Apple. Should Investors Sell the Stock?,0.0,neutral
AAPL,2025-04-24,04:46AM,3 Unstoppable Growth Stocks Down 20% or More to Buy and Hold,0.2023,positive
AAPL,2025-04-24,03:49AM,Apple Inc. (AAPL) to Use On-Device Data and Synthetic Inputs to Boost AI Capabilities,0.4019,positive
AAPL,2025-04-24,02:09AM,Apple's Next Chapter: Why Services And AI Could Drive The Stock Higher,0.0,neutral
AAPL,2025-04-21,10:56PM,Sunwoda boosts Vietnam investment amid strong 2024 profit and global expansion plans,0.8176,positive
AAPL,2025-04-24,10:16PM,Apple Inc. (AAPL): Among Stocks That Could 10X Over the Next 2 Years,0.0,neutral
AAPL,2025-04-24,05:52PM,Can President Trump Fire Fed Chair Jerome Powell?,-0.34,negative
AAPL,2025-04-24,05:45PM,Apple (AAPL) Stock Moves -1.94%: What You Should Know,0.0,neutral
AAPL,2025-04-24,05:35PM,Apple's China Dependence Leaves It Exposed as Tariff Risks Rise,-0.34,negative
AAPL,2025-04-24,05:22PM,"Apple's China Gamble at Risk as Global Tariff War Heats Up, Analyst Warns",-0.7506,negative
AAPL,2025-04-24,04:44PM,The 7th Circle of Uncertainty and Sanctity of the Fed,-0.34,negative
AAPL,2025-04-24,03:00PM,Apple Faces Growing Risk If China Trade Tensions Spread Globally,-0.4767,negative
AAPL,2025-04-24,03:00PM,"Apple vs. Meta Platforms: Which ""Magnificent Seven"" Stock Has More Upside After the Recent Sell-Off?",0.5994,positive
AAPL,2025-04-24,03:00PM,"Apple Shares Dip 21% Year to Date: Buy, Sell or Hold the Stock?",0.296,positive
AAPL,2025-04-24,02:56PM,Famous Analyst Cuts Apple (AAPL) Price Target Amid Lack of 'Predictability' Over AI,-0.5423,negative
AAPL,2025-04-24,02:19PM,Apple vs. Dell Technologies: Which PC Maker Stock is a Better Buy?,0.4404,positive
AAPL,2025-04-24,02:00PM,"How To Build A $500,000 Dividend Portfolio That Could Yield 18.35% In 20 Years",0.0,neutral
AAPL,2025-04-24,01:43PM,Apple's $500B Gamble: Why Tim Cook Is Running Out of Time,0.0,neutral
AAPL,2025-04-24,01:19PM,"AAPL May Have More Problems Ahead, Expert Warns",-0.5256,negative
AAPL,2025-04-24,12:35PM,ARM vs. Byrna Technologies: Which Small-Cap Innovator Has More Upside?,0.0,neutral
AAPL,2025-04-24,12:25PM,MoffettNathanson founder on Apple: Risks are not in the stock and it is still overvalued,-0.2732,negative
AAPL,2025-04-24,12:09PM,"Chicken, crypto, and Nvidia: The companies that helped Trumps inauguration shatter fundraising records",0.0,neutral
AAPL,2025-04-24,11:35AM,How China's 'monster market' could impact US Big Tech,0.0,neutral
AAPL,2025-04-24,11:33AM,Warren Buffett Stocks: What's Inside Berkshire Hathaway's Portfolio?,0.0,neutral
AAPL,2025-04-24,10:43AM,"Netflix Q1 Earnings Beat, Revenues Rise Y/Y on Subscriber Gain",0.5267,positive
AAPL,2025-04-24,10:26AM,What the falling US dollar has historically meant for stocks: By the numbers,-0.1531,negative
AAPL,2025-04-24,09:49AM,"TSMC: Hard Pill To Swallow, AI Demand Is Moderating - Downgrading To Sell",-0.2263,negative
AAPL,2025-04-24,09:49AM,"The Zacks Analyst Blog Highlights Apple, Philip Morris International, Sony and Vaso",0.0,neutral
AAPL,2025-04-24,09:30AM,"Berkshire Hathaway: What Buffett Saw, What I Learned",0.0,neutral
AAPL,2025-04-24,09:30AM,Berkshire Hathaway: Buffett Is Doing Much More Than Selling,0.0,neutral
AAPL,2025-04-24,09:25AM,ChatGPT: Everything you need to know about the AI-powered chatbot,0.0,neutral
AAPL,2025-04-24,09:21AM,"Apple may have a key problem bringing back manufacturing to beat Trump tariffs, former Intel CEO warns",-0.4767,negative
AAPL,2025-04-24,09:07AM,This Volatile Market Is Made For Nickel-and-Diming These Names,0.0,neutral
AAPL,2025-04-24,08:16AM,EU says it will enforce digital rules irrespective of CEO and location,0.0,neutral
AAPL,2025-04-24,06:30AM,The Elephant In The Room - March Dividend Income Report,0.0,neutral
V,2025-04-23 00:00:00,05:45PM,Visa (V) Rises Yet Lags Behind Market: Some Facts Worth Knowing,-0.1531,negative
V,2025-04-24 00:00:00,05:24PM,Is Visa Inc. (V) the Best Nancy Pelosi Stock to Invest In Now?,0.6369,positive
V,2025-04-24 00:00:00,04:14PM,UnitedHealth Stock Crash: 3 Better Dow Jones Dividend Stocks to Buy Now,0.0516,positive
V,2025-04-24 00:00:00,01:37PM,PayPal is Trading Dirty Cheap at 11.86X P/E: Buy or Hold the Stock?,-0.4404,negative
V,2025-04-24 00:00:00,11:53AM,AmEx Flexes Premium Muscle in Q1: But Can it Outrun Tariff Headwinds?,0.0,neutral
V,2025-04-24 00:00:00,11:30AM,Visa unveils #TravelWithVisa initiative to boost cross-border travel in Asia Pacific through strategic collaborations,0.4019,positive
V,2025-04-24 00:00:00,09:32AM,Broadridge Set to Report Q3 Earnings: What's in the Cards?,0.0,neutral
V,2025-04-24 00:00:00,09:27AM,"4 Stocks to Watch as Bitcoin Gears Up to Surpass $100,000 Again",0.0,neutral
V,2025-04-24 00:00:00,09:20AM,The Ithaka Group's Top Contributors And Detractors For Q1 2025,0.2023,positive
V,2025-04-24 00:00:00,09:16AM,Republic Services to Report Q1 Earnings: Here's What You Should Know,0.0,neutral
V,2025-04-24 00:00:00,09:10AM,Polen Focus Growth Portfolio Q1 2025 Commentary,0.3818,positive
V,2025-04-24 00:00:00,09:05AM,The Ithaka Group Q1 2025 Commentary,0.0,neutral
V,2025-04-24 00:00:00,09:00AM,Visa Inc. (V) is Attracting Investor Attention: Here is What You Should Know,0.4767,positive
V,2025-04-22 00:00:00,11:30AM,Mastercard's Resilience Makes It A Buy In 2025 And Beyond,0.0,neutral
V,2025-04-24 00:00:00,10:00AM,Visa (V) Earnings Expected to Grow: What to Know Ahead of Next Week's Release,0.0,neutral
V,2025-04-24 00:00:00,08:59AM,"The Zacks Analyst Blog Highlights Visa, ServiceNow, The Progressive, The Monarch Cement and Precipio",0.0,neutral
V,2025-04-21 00:00:00,04:49PM,"Top Research Reports for Visa, ServiceNow & Progressive",0.2023,positive
V,2025-04-24 00:00:00,02:28PM,Why Credit Card Stocks Are So Volatile Today,0.3818,positive
V,2025-04-24 00:00:00,02:00PM,"How To Build A $500,000 Dividend Portfolio That Could Yield 18.35% In 20 Years",0.0,neutral
V,2025-04-24 00:00:00,06:30AM,The Elephant In The Room - March Dividend Income Report,0.0,neutral
V,2025-04-20 00:00:00,10:15AM,2 Top Buffett Stocks to Buy and Hold for the Long Haul,0.2023,positive
V,2025-04-24 00:00:00,09:30AM,"Invest In 6 Funds For A Potential $5,000 Monthly Income",0.0,neutral
V,2025-04-18 00:00:00,11:42AM,Visa Shares Could Be Opportunity for Long-Term Investors,0.6124,positive
V,2025-04-24 00:00:00,03:51AM,Prediction: 5 Surefire Stocks That Can Generate Life-Changing Wealth by 2035,0.6369,positive
V,2025-04-17 00:00:00,01:11PM,American Express Q1 Earnings Beat Estimates on Premium Customers,0.0,neutral
V,2025-04-24 00:00:00,10:31AM,Visa (V): Wedgewood Partners' Top Q1 Contributor,0.2023,positive
V,2025-04-24 00:00:00,08:50AM,These 2 Business Services Stocks Could Beat Earnings: Why They Should Be on Your Radar,0.0,neutral
V,2025-04-24 00:00:00,08:26AM,American Express CEO: April's stock market volatility hasn't sent customers into their bunkers,0.0,neutral
V,2025-04-24 00:00:00,08:10AM,My Dividend Stock Portfolio: New All-Time Dividend Record In March - 100 Holdings With 15 Buys,0.0,neutral
V,2025-04-24 00:00:00,06:00AM,Visas Global Product Drop Set for April 30th,-0.2732,negative
V,2025-04-16 00:00:00,05:13PM,Why Visa Inc. (V) Is One of the Best Blue Chip Stocks to Buy According to Billionaires,0.6369,positive
V,2025-04-24 00:00:00,08:30AM,Better Dividend Growth Stock: Costco vs. Visa,0.6705,positive
V,2025-04-24 00:00:00,08:00AM,3 Monster Stocks to Hold for the Next 10 Years,0.0,neutral
V,2025-04-24 00:00:00,05:24AM,Fiserv: Still A Long-Term Winner Even Under Uncertainty,0.34,positive
V,2025-04-15 00:00:00,09:50PM,Parnassus Value Select ETF Q1 2025 Commentary,0.34,positive
V,2025-04-24 00:00:00,05:45PM,Visa (V) Gains As Market Dips: What You Should Know,0.34,positive
V,2025-04-24 00:00:00,12:10PM,Will Visa (V) Beat Estimates Again in Its Next Earnings Report?,0.0,neutral
V,2025-04-24 00:00:00,09:40AM,Wedgewood Partners Q1 2025 Client Letter,0.0,neutral
V,2025-04-24 00:00:00,09:30AM,Why This 1 Business Services Stock Could Be a Great Addition to Your Portfolio,0.6249,positive
V,2025-04-24 00:00:00,07:42AM,Visa Inc. (V): Among the High Growth Forever Dividend Stocks to Invest In,0.3818,positive
V,2025-04-24 00:00:00,07:29AM,Can Visa Keep Delivering Under Tariff Pressure? Time to Buy or Bail?,-0.3736,negative
V,2025-04-24 00:00:00,07:08AM,Is AmEx Stock a Buy Ahead of Q1 Earnings? Key Factors to Watch,0.0,neutral
V,2025-04-24 00:00:00,06:20AM,Should You Invest in the iShares U.S. Financial Services ETF (IYG)?,0.0,neutral
V,2025-04-24 00:00:00,06:20AM,Is Invesco Large Cap Growth ETF (PWB) a Strong ETF Right Now?,0.7096,positive
V,2025-04-14 00:00:00,02:09PM,Aristotle Large Cap Growth Q1 2025 Commentary,0.3818,positive
V,2025-04-24 00:00:00,01:00PM,Visa: Symbolic Of My Refusal To Chase Stocks Here,0.0,neutral
V,2025-04-24 00:00:00,10:50AM,Wall Street Lunch: Apple Leads Q1 Global Smartphone Sales,0.0,neutral
V,2025-04-24 00:00:00,05:41AM,"3 Berkshire Hathaway Stocks to Buy With $3,000 and Hold Forever",0.0,neutral
V,2025-04-13 00:00:00,04:19PM,ClearBridge Large Cap Growth ESG Strategy Q1 2025 Commentary,0.3818,positive
V,2025-04-24 00:00:00,02:23PM,PFM: Dividend Growth ETF With High Fees And Average Result,0.3818,positive
V,2025-04-24 00:00:00,01:15PM,ClearBridge Appreciation ESG Strategy Q1 2025 Commentary,0.5106,positive
V,2025-04-24 00:00:00,06:45AM,2 Stocks That Could Thrive in a Tariff-Heavy Environment,0.0,neutral
V,2025-04-12 00:00:00,09:45AM,2 Stocks to Buy If This Tariff-Fueled Market Downturn Continues,0.0,neutral
V,2025-04-24 00:00:00,04:23AM,1 Stock to Buy Hand Over Fist in the Tariff-Induced Market Downturn,0.4939,positive
V,2025-04-11 00:00:00,04:49PM,Is Visa (V) the Best Tech Stock to Buy For Long-Term Investment?,0.6369,positive
V,2025-04-24 00:00:00,11:18AM,Mastercard Premium Valuation: Opportunity or Risk in a Shaky Economy?,-0.0516,negative
V,2025-04-24 00:00:00,09:30AM,Is It Worth Investing in Visa (V) Based on Wall Street's Bullish Views?,0.2263,positive
V,2025-04-24 00:00:00,06:20AM,Should Invesco Large Cap Growth ETF (PWB) Be on Your Investing Radar?,0.3818,positive
V,2025-04-24 00:00:00,04:05AM,Conventum-Alluvium Global Fund March 2025 Quarterly Report,0.0,neutral
V,2025-04-24 00:00:00,03:20AM,Akre Focus Fund Q1 2025 Commentary,0.0,neutral
V,2025-04-10 00:00:00,02:49PM,The Medium-Term Impact Of Tariffs On The Technology Sector,0.0,neutral
V,2025-04-24 00:00:00,11:43AM,Visa vs. PayPal: Which Global Payments Leader Has More Upside?,0.0,neutral
V,2025-04-24 00:00:00,06:20AM,Artisan Developing World Fund Q1 2025 Commentary,0.0,neutral
V,2025-04-24 00:00:00,03:51AM,"The Dow Crashed 4,260 Points in 3 Days: Here Are 3 Dow Stocks That Make for No-Brainer Buys Right Now",0.0,neutral
V,2025-04-09 00:00:00,06:22PM,Analyst Report: Visa Inc.,0.0,neutral
V,2025-04-24 00:00:00,10:45AM,Mar Vista U.S. Quality Premier Strategy Q1 2025 Commentary,0.0,neutral
V,2025-04-24 00:00:00,10:23AM,"Evercore starts Visa, Mastercard, PayPal at In Line rating amid macro risks",-0.2732,negative
V,2025-04-24 00:00:00,10:00AM,Mar Vista U.S. Quality Q1 2025 Commentary,0.0,neutral
V,2025-04-24 00:00:00,09:00AM,Visa Inc. (V) Is a Trending Stock: Facts to Know Before Betting on It,0.0,neutral
V,2025-04-24 00:00:00,07:10AM,GreensKeeper Value Fund Q1 2025 Letter,0.34,positive
V,2025-04-24 00:00:00,05:55AM,ClearBridge Appreciation Strategy Q1 2025 Commentary,0.5106,positive
V,2025-04-24 00:00:00,04:05PM,"Visa to Announce Fiscal Second Quarter 2025 Financial Results on April 29, 2025",0.0,neutral
V,2025-04-24 00:00:00,10:49AM,Will PayPal's Deepening Cryptocurrency Footprint Benefit the Stock?,0.4588,positive
V,2025-04-24 00:00:00,10:16AM,Why Affirm's 38% YTD Drop Could Be a Golden Opportunity for Investors,0.1779,positive
V,2025-04-24 00:00:00,09:53AM,Where Will American Express Stock Be in 1 Year?,0.0,neutral
V,2025-04-24 00:00:00,07:15AM,Recession-Proofing Your Portfolio,0.0,neutral
V,2025-04-24 00:00:00,06:01AM,Thornburg Summit Fund Q4 2024 Commentary,0.0,neutral
V,2025-04-24 00:00:00,05:23AM,2 Stocks With Incredible Balance Sheets That Can Offer Safety in Tariff Chaos,-0.2263,negative
V,2025-04-07 00:00:00,10:34PM,Is Visa Inc. (V) the Best Fundamental Stock to Buy According to Billionaires?,0.6369,positive
V,2025-04-24 00:00:00,05:45PM,Visa (V) Registers a Bigger Fall Than the Market: Important Facts to Note,0.2023,positive
V,2025-04-24 00:00:00,02:32PM,Visa Inc. (V): One of the Most Profitable Dividend Stocks to Buy Now?,0.4927,positive
V,2025-04-24 00:00:00,11:53AM,"AmEx Stock Trails S&P 500, Declines 21% YTD: Time to Buy or Cash Out?",0.0,neutral
V,2025-04-24 00:00:00,06:20AM,Should You Invest in the iShares U.S. Industrials ETF (IYJ)?,0.0,neutral
V,2025-04-24 00:00:00,06:15AM,ClearBridge Large Cap Growth Strategy Q1 2025 Commentary,0.3818,positive
V,2025-04-06 00:00:00,06:59PM,Is Visa Inc. (V) the Best Beginner Stock?,0.6369,positive
V,2025-04-05 00:00:00,08:00AM,"5 Relatively Secure And Cheap Dividend Stocks, Yields Up To 8% (April 2025)",0.34,positive
V,2025-04-04 00:00:00,03:35PM,Processing Visa's Outperformance,0.0,neutral
V,2025-04-24 00:00:00,02:18PM,Visa broadens payment portfolio with three new offerings,0.0,neutral
V,2025-04-24 00:00:00,12:01PM,Visa Introduces New Services to Drive Innovation and Client Growth,0.6369,positive
V,2025-04-24 00:00:00,10:44AM,Visa Inc. (V) - Jim Cramer Declares: 'A Stock That Just Keeps Going Up!',0.0,neutral
V,2025-04-24 00:00:00,09:30AM,Why Visa (V) is a Top Stock for the Long-Term,0.2023,positive
V,2025-04-24 00:00:00,06:52AM,2 ETFs Cheaper Than The Ones You May Already Own,0.0,neutral
V,2025-04-24 00:00:00,06:20AM,Should ALPS (OUSA) Be on Your Investing Radar?,0.0,neutral
V,2025-04-24 00:00:00,05:58AM,SCHD Alternative Strategy: Weathered March Better Than The S&P 500,0.4404,positive
V,2025-04-24 00:00:00,03:55AM,2 Warren Buffett Dividend Stocks to Buy and Hold Forever,0.0,neutral
V,2025-04-03 00:00:00,11:28PM,Top 50 High-Quality Dividend Growth Stocks For April 2025,0.5267,positive
V,2025-04-24 00:00:00,11:06AM,TCW Compounders ETF Q4 2024 Commentary,0.0,neutral
V,2025-04-24 00:00:00,09:00AM,Visa Unveils Slate of New Services to Power Client Growth,0.3818,positive
V,2025-04-24 00:00:00,07:30AM,3 Warren Buffett Dividend Stocks That Are Built to Last,0.0,neutral
META,,05:03AM,Better Artificial Intelligence Stock: Alphabet vs. Meta Platforms,0.7184,positive
META,2025-04-24 00:00:00,03:24AM,Meta Platforms: Engage More Users By Running Intelligent Ads,0.6597,positive
META,2025-04-23 00:00:00,10:06PM,"Apple, Meta hit by US$798 million in EU tech fines after Trump threats",-0.4215,negative
META,2025-04-24 00:00:00,08:51PM,"Jim Cramer on Meta Platforms, Inc. (META): 'Zuckerberg's on Trial, and Ad Cuts Are Hurting'",-0.5994,negative
META,2025-04-24 00:00:00,06:43PM,Apple and Meta Are Hit With EU Fines. Why That Could Provoke Trump.,-0.4019,negative
META,2025-04-24 00:00:00,05:03PM,Why Metas Threads Platform Is Getting More Ads,0.0,neutral
META,2025-04-24 00:00:00,04:10PM,Traders Fixated on What Companies Spend More Than Earn,0.0,neutral
META,2025-04-24 00:00:00,03:48PM,"Mag 7 rallies, Vertiv surges, solar downgraded: Trending Tickers",0.0,neutral
META,2025-04-24 00:00:00,03:00PM,Broadcom Stock Down 11% in a Month: Should You Buy the Dip?,0.0,neutral
META,2025-04-24 00:00:00,02:30PM,Wall Street Lunch: Bessent Comments On China Tariffs,0.0,neutral
META,2025-04-24 00:00:00,02:29PM,"Meta's (META) Outlook Is Upbeat, Despite Significant Challenges, Investment Bank Says",-0.2057,negative
META,2025-04-24 00:00:00,02:22PM,"Magnificent Seven Stocks: Amazon, Apple, Meta, Nvidia Rally; Tesla Surges On Earnings",0.6808,positive
META,2025-04-24 00:00:00,01:17PM,"Big Tech relief rally, Intel's pre-earnings surge, OpenAI & Oklo",0.4767,positive
META,2025-04-24 00:00:00,12:48PM,Meta Hit With Another Big Fine in Europe Over DMA Breaches,0.2023,positive
META,2025-04-24 00:00:00,12:41PM,Meta Platforms' Q1: Considering The Risk-Reward Of A Bullish Option Strategy,0.0,neutral
META,2025-04-24 00:00:00,12:26PM,Meta opens Threads to advertisers globally,0.0,neutral
META,2025-04-24 00:00:00,12:00PM,Big Tech earnings kick off as tariff uncertainty continues to roil markets,-0.34,negative
META,2025-04-24 00:00:00,11:41AM,Explainer-What happens to Apple and Meta after the EU fine?,0.2023,positive
META,2025-04-24 00:00:00,11:05AM,Alphabet Q1 Preview: Temu Trade War (Rating Downgrade),-0.5994,negative
META,2025-04-24 00:00:00,10:34AM,Magnificent Seven tech stocks surge as Trump hints at China tariff reprieve,0.5994,positive
META,2025-04-24 00:00:00,10:34AM,'Magnificent 7' tech stocks surge as Trump hints at China tariff reprieve,0.5994,positive
META,2025-04-24 00:00:00,10:19AM,"EU fines Apple, Meta millions for breaching tech competition rules",0.0,neutral
META,2025-04-24 00:00:00,10:16AM,Meta Releases LLaMa 4: It Could Help Drive Big Growth Long Term,0.6486,positive
META,2025-04-24 00:00:00,10:16AM,Apple and Meta just got fined a whopping $800 million as Europe comes after Big Tech,0.0,neutral
META,2025-04-24 00:00:00,10:11AM,Meta expands AI access on Ray-Ban smart glasses in Europe,0.4767,positive
META,2025-04-24 00:00:00,10:01AM,Meta Platforms (META) Reports Next Week: Wall Street Expects Earnings Growth,0.3818,positive
META,2025-04-24 00:00:00,10:00AM,"Heres How Big the AI Revolution Really Is, in Four Charts",0.0,neutral
META,2025-04-24 00:00:00,10:00AM,"Got $3,000? 3 Artificial Intelligence (AI) Stocks to Buy and Hold for the Long Term",0.4767,positive
META,2025-04-24 00:00:00,09:54AM,"Apple & Meta fined, Intel layoff reports, SAP: Trending Tickers",0.0,neutral
META,2025-04-24 00:00:00,09:19AM,Meta Stock Jumps Despite Explosive Claims of Instagram Sabotage,-0.5267,negative
META,2025-04-24 00:00:00,09:17AM,"Apple, Meta Fined by EU, Ordered to Comply With Tech Competition Rules",0.0,neutral
META,2025-04-24 00:00:00,09:10AM,Meta: EU is trying to handicap successful American businesses with new fines,0.5859,positive
META,2025-04-24 00:00:00,09:10AM,Polen Focus Growth Portfolio Q1 2025 Commentary,0.3818,positive
META,2025-04-24 00:00:00,09:07AM,"Futures rise, Tesla earnings, Apple & Meta fines: 3 Things",0.0,neutral
META,2025-04-24 00:00:00,09:05AM,The Ithaka Group Q1 2025 Commentary,0.0,neutral
META,2025-04-24 00:00:00,08:53AM,"EU fines Apple, Meta $800M Combined for Violating Digital Markets Act",-0.5423,negative
META,2025-04-24 00:00:00,08:32AM,Brussels risks Trumps wrath as it fines Apple and Meta 700m,-0.2732,negative
META,2025-04-24 00:00:00,08:24AM,EU whacks Apple and Meta with $800 million in antitrust fines. Meta calls its penalty a tariff,-0.4588,negative
META,2025-04-24 00:00:00,08:05AM,5 Things to Know Before the Stock Market Opens,0.0,neutral
META,2025-04-24 00:00:00,08:00AM,10-Year Anniversary Letter: The Rowan Street Story,0.0,neutral
META,2025-04-24 00:00:00,07:42AM,Apple and Meta Hit With EU Fines. Why That Could Provoke Trump.,-0.4019,negative
META,2025-04-24 00:00:00,07:30AM,2 Unstoppable Tech Giants to Buy Right Now,-0.2023,negative
META,2025-04-24 00:00:00,07:04AM,Tech Giants to Plow $500 Billion Cash Hoard Into More Buybacks,0.0,neutral
META,2025-04-24 00:00:00,06:36AM,Europe whacks American Big Tech with $797 million fine. Meta cries tariff,-0.2263,negative
META,2025-04-24 00:00:00,06:09AM,"The 'Uninvestable' Tag: Once China's Burden, Now America's Worry?",-0.7003,negative
META,2025-04-24 00:00:00,05:50AM,The European Union fines Apple 500 million euros and Meta 200 million in separate digital cases,0.0,neutral
META,2025-04-24 00:00:00,05:45AM,Europe whacks Apple and Meta with combined $797 million fine,0.2023,positive
META,2025-04-24 00:00:00,05:00AM,DCs Special Status Gets Ripped Up by DOGEs Job and Cost Cuts,0.128,positive
META,2025-04-24 00:00:00,12:03AM,Metas oversight board rebukes company over policy overhaul,0.0,neutral
META,2025-04-24 00:00:00,12:00AM,Meta's Oversight Board seeks details on the company's new hate speech policies,-0.5719,negative
META,2025-04-22 00:00:00,10:01PM,Is Meta The Most Undervalued Stock In The Magnificent 7,0.5994,positive
META,2025-04-24 00:00:00,05:30PM,Instagrams Systrom Says Zuckerberg Saw Apps Growth as Threat,-0.2023,negative
META,2025-04-24 00:00:00,05:13PM,Buy the Dip in Alphabet (GOOGL) Stock as Q1 Earnings Approach?,0.0,neutral
META,2025-04-24 00:00:00,02:28PM,Facebook co-founder on the consequences of Trump potentially firing Powell,-0.34,negative
META,2025-04-24 00:00:00,02:03PM,ChatGPT Chief Calls Search Crucial for OpenAI in Google Trial,0.0,neutral
META,2025-04-24 00:00:00,01:42PM,"Meta Platforms, Inc. (META): Among Stocks That Could 10X Over the Next 2 Years",0.0,neutral
META,2025-04-24 00:00:00,01:13PM,"Meta launches Edits, a video app aimed at creators",0.0,neutral
META,2025-04-24 00:00:00,12:30PM,Meta releases its CapCut rival Edits globally,0.0,neutral
META,2025-04-24 00:00:00,12:00PM,Patient Capital Management Q1 2025 Investment Review,0.0,neutral
META,2025-04-24 00:00:00,11:22AM,Meta Could Be Facing $7 Billion in Lost Revenue From China,-0.3182,negative
META,2025-04-24 00:00:00,11:20AM,Patient Capital Management Q1 2025 Commentary,0.0,neutral
META,2025-04-24 00:00:00,10:34AM,"'Wild, lumpy, volatile': Wall Street initiates coverage on CoreWeave stock after rocky public debut",0.0,neutral
META,2025-04-24 00:00:00,10:29AM,"Nvidia, Google, and Meta Platforms Got Hit With Shocking Legal Updates",-0.296,negative
META,2025-04-24 00:00:00,09:27AM,Facebook co-founder Chris Hughes on the importance of marketcraft,0.3612,positive
META,2025-04-24 00:00:00,09:08AM,"Meta Platforms, Inc. (META) Price Target Cut to $624 Amid Macro Uncertainty and Cautious Q1 Outlook",-0.5994,negative
META,2025-04-24 00:00:00,08:20AM,"Meta: Don't Mind The China Tariffs And FTC Noise, Buy The Dip Under $480",0.0,neutral
META,2025-04-24 00:00:00,08:00AM,How to trade the Magnificent 7 amid the market sell-off,0.5994,positive
META,2025-04-24 00:00:00,07:49AM,Morgan Stanley planned to convince Mark Zuckerberg to buy WhatsApp before Google could scoop it up and build a social media platform to rival Facebook,0.3818,positive
META,2025-04-24 00:00:00,07:49AM,Morgan Stanley believed Google would rival Facebook if the search giant could beat Mark Zuckerberg to scooping up WhatsApp,0.0,neutral
META,2025-04-24 00:00:00,07:27AM,BetterInvesting Magazine Update on Facebook (NASDAQ: META) and Alphabet Inc. (NASDAQ: GOOG),0.0,neutral
META,2025-04-24 00:00:00,07:15AM,"Got $5,000? 3 Tech Stocks to Buy and Hold for the Long Term",0.0,neutral
META,2025-04-21 00:00:00,05:20PM,Fund Manager Explains Why He's Buying More Meta Platforms (META) Shares - 'Time to Step Up',0.296,positive
META,2025-04-24 00:00:00,05:06PM,Meta Q1 Preview: Anticipating Deceleration Due To Chinese Advertisers,0.0,neutral
META,2025-04-24 00:00:00,05:03PM,What to know about Trump's record-setting inauguration fund,0.0,neutral
META,2025-04-24 00:00:00,03:00PM,"Apple vs. Meta Platforms: Which ""Magnificent Seven"" Stock Has More Upside After the Recent Sell-Off?",0.5994,positive
META,2025-04-24 00:00:00,02:55PM,"Is Meta Platforms, Inc. (META) the Best Stock to Buy According to Billionaire Chris Rokos?",0.6369,positive
META,2025-04-24 00:00:00,02:39PM,Alphabet Q1 Earnings Preview: More Fine Than Not - Upgrading To A Strong Buy,-0.1553,negative
META,2025-04-24 00:00:00,02:29PM,A Guide to Reels Ads [Infographic],0.0,neutral
META,2025-04-24 00:00:00,02:01PM,Amazon Stock Gets a Downgrade as Tariff Worries Weigh on Its Shares,0.0258,neutral
META,2025-04-24 00:00:00,12:09PM,"Chicken, crypto, and Nvidia: The companies that helped Trumps inauguration shatter fundraising records",0.0,neutral
META,2025-04-24 00:00:00,12:09PM,"Instagram Implements Expanded AI Age Checking, New Parent Prompts",0.0,neutral
META,2025-04-24 00:00:00,11:46AM,Alphabet Earnings: A Leading LLM Isn't Enough,0.0,neutral
META,2025-04-24 00:00:00,11:46AM,"Google, Meta antitrust: Fmr. CFPB director explains what's next",0.0,neutral
META,2025-04-24 00:00:00,11:00AM,"Meta's (META) Engagement Likely to Climb in Current Environment, Longtime Investor Says",0.4588,positive
META,2025-04-24 00:00:00,10:47AM,"Amazon stock falls as Raymond James downgrades shares, citing tariff headwinds and 'limited' AI monetization",0.4404,positive
META,2025-04-24 00:00:00,09:58AM,Instagram is using AI to find teens lying about their age and restricting their accounts,-0.7184,negative
META,2025-04-24 00:00:00,09:44AM,Instagram will use AI to catch teens using adult accounts,0.0,neutral
META,2025-04-24 00:00:00,09:39AM,Nvidia Investors Balk at Beaten Down Valuation as Risks Mount,-0.5994,negative
META,2025-04-24 00:00:00,09:23AM,STRL Moves Above 50-Day SMA: A Buy for This Infrastructure Stock?,0.0,neutral
META,2025-04-24 00:00:00,06:46AM,Instagram tries using AI to determine if teens are pretending to be adults,0.1027,positive
META,2025-04-24 00:00:00,04:10AM,3 No-Brainer Artificial Intelligence (AI) Stocks to Buy Before Earnings Season Heats Up,0.4767,positive
META,2025-04-20 00:00:00,11:10PM,Trump Raised Record $239 Million for Inaugural Festivities,0.4767,positive
META,2025-04-24 00:00:00,09:53PM,Magnificent-7. What Stock Should We Add To Make It The Excellent-8?,0.0,neutral
META,2025-04-24 00:00:00,08:30PM,"Big Tech's ""Magnificent Seven"" heads into earnings season reeling from Trump turbulence",0.5994,positive
META,2025-04-24 00:00:00,09:30AM,"Invest In 6 Funds For A Potential $5,000 Monthly Income",0.0,neutral
META,2025-04-24 00:00:00,09:19AM,"Meta Platforms, Inc. (META) Leans on AI Strength as Growth Forecast Slips",0.7003,positive
META,2025-04-24 00:00:00,09:15AM,"Selling America, Buying Europe - My Picks",0.0,neutral
META,2025-04-24 00:00:00,08:20AM,"Meta Stock Faces This Big Risk, Despite AI Ambitions",-0.2732,negative
META,2025-04-24 00:00:00,05:00AM,Tesla and Alphabet Report This Week. They'll Set the Tone for Big Tech Earnings,0.0,neutral
META,2025-04-19 00:00:00,07:55PM,"Is Meta Platforms, Inc. (META) the Best Metaverse Stock to Invest in?",0.6369,positive
